lon,lat,temperature_2m,precipitation,cloud_cover,wind_speed_10m,last_updated
4.7,47.5,16.1,0.0,100,4.12,2026-10-01T12:13:44Z
4.76,47.5,16.2,0.0,100,3.67,2026-10-01T12:13:44Z
4.8,47.5,16.5,0.0,100,3.67,2026-10-01T12:13:44Z
4.86,47.5,16.7,0.0,99,3.31,2026-10-01T12:13:44Z
4.9,47.5,16.3,0.0,100,3.94,2026-10-01T12:13:44Z
4.94,47.5,16.8,0.0,100,3.58,2026-10-01T12:13:44Z
5.0,47.5,17.4,0.0,100,3.45,2026-10-01T12:13:44Z
5.06,47.5,16.8,0.0,100,4.52,2026-10-01T12:13:44Z
5.1,47.5,17.5,0.0,100,4.42,2026-10-01T12:13:44Z
5.16,47.5,17.9,0.1,100,3.91,2026-10-01T12:13:44Z
5.2,47.5,18.4,0.1,100,3.61,2026-10-01T12:13:44Z
5.26,47.5,18.0,0.1,100,3.61,2026-10-01T12:13:44Z
5.3,47.5,18.5,0.1,100,3.11,2026-10-01T12:13:44Z
5.36,47.5,18.5,0.0,100,3.26,2026-10-01T12:13:44Z
5.4,47.5,18.8,0.0,100,2.98,2026-10-01T12:13:44Z
5.44,47.5,18.5,0.1,100,3.58,2026-10-01T12:13:44Z
5.5,47.5,18.5,0.1,100,3.55,2026-10-01T12:13:44Z
5.56,47.5,18.5,0.0,100,2.75,2026-10-01T12:13:44Z
5.6,47.5,18.6,0.0,100,2.98,2026-10-01T12:13:44Z
5.66,47.5,19.1,0.0,100,2.76,2026-10-01T12:13:44Z
5.7,47.5,18.7,0.0,99,2.33,2026-10-01T12:13:44Z
5.76,47.5,18.2,0.0,100,2.2,2026-10-01T12:13:44Z
5.8,47.5,18.4,0.1,100,2.2,2026-10-01T12:13:44Z
5.86,47.5,18.4,0.2,100,2.19,2026-10-01T12:13:44Z
5.9,47.5,18.8,0.4,100,2.41,2026-10-01T12:13:44Z
5.94,47.5,18.7,0.1,100,2.62,2026-10-01T12:13:44Z
4.7,47.54,16.8,0.0,100,3.72,2026-10-01T12:13:44Z
4.76,47.54,16.4,0.0,100,3.8,2026-10-01T12:13:44Z
4.8,47.54,17.1,0.0,99,3.98,2026-10-01T12:13:44Z
4.86,47.54,17.3,0.0,100,3.4,2026-10-01T12:13:44Z
4.9,47.54,16.4,0.0,99,3.62,2026-10-01T12:13:44Z
4.94,47.54,17.3,0.0,99,3.58,2026-10-01T12:13:44Z
5.0,47.54,16.7,0.0,100,3.71,2026-10-01T12:13:44Z
5.06,47.54,17.2,0.0,100,4.25,2026-10-01T12:13:44Z
5.1,47.54,17.6,0.0,100,3.5,2026-10-01T12:13:44Z
5.16,47.54,17.7,0.0,100,3.66,2026-10-01T12:13:44Z
5.2,47.54,18.0,0.1,100,3.42,2026-10-01T12:13:44Z
5.26,47.54,18.0,0.1,100,3.47,2026-10-01T12:13:44Z
5.3,47.54,18.3,0.1,100,3.68,2026-10-01T12:13:44Z
5.36,47.54,18.5,0.1,100,3.75,2026-10-01T12:13:44Z
5.4,47.54,18.3,0.0,100,3.2,2026-10-01T12:13:44Z
5.44,47.54,18.6,0.0,100,3.3,2026-10-01T12:13:44Z
5.5,47.54,18.5,0.0,100,3.11,2026-10-01T12:13:44Z
5.56,47.54,18.5,0.0,100,2.61,2026-10-01T12:13:44Z
5.6,47.54,18.2,0.0,100,2.64,2026-10-01T12:13:44Z
5.66,47.54,18.5,0.0,99,3.04,2026-10-01T12:13:44Z
5.7,47.54,18.8,0.0,100,2.69,2026-10-01T12:13:44Z
5.76,47.54,18.9,0.1,100,2.34,2026-10-01T12:13:44Z
5.8,47.54,18.5,0.1,100,2.12,2026-10-01T12:13:44Z
5.86,47.54,18.8,0.3,100,3.04,2026-10-01T12:13:44Z
5.9,47.54,18.6,0.2,100,2.83,2026-10-01T12:13:44Z
5.94,47.54,18.7,0.1,99,2.76,2026-10-01T12:13:44Z
4.7,47.6,16.7,0.0,99,3.54,2026-10-01T12:13:44Z
4.76,47.6,16.6,0.0,99,3.62,2026-10-01T12:13:44Z
4.8,47.6,16.4,0.0,99,3.71,2026-10-01T12:13:44Z
4.86,47.6,16.1,0.0,100,3.45,2026-10-01T12:13:44Z
4.9,47.6,16.2,0.1,100,4.25,2026-10-01T12:13:44Z
4.94,47.6,16.3,0.1,99,4.38,2026-10-01T12:13:44Z
5.0,47.6,16.4,0.0,100,3.36,2026-10-01T12:13:44Z
5.06,47.6,16.4,0.0,100,3.69,2026-10-01T12:13:44Z
5.1,47.6,17.2,0.1,100,3.69,2026-10-01T12:13:44Z
5.16,47.6,16.8,0.1,100,3.24,2026-10-01T12:13:44Z
5.2,47.6,17.2,0.1,100,3.19,2026-10-01T12:13:44Z
5.26,47.6,17.6,0.1,100,3.04,2026-10-01T12:13:44Z
5.3,47.6,17.8,0.1,100,3.26,2026-10-01T12:13:44Z
5.36,47.6,18.2,0.0,100,3.26,2026-10-01T12:13:44Z
5.4,47.6,18.6,0.0,100,3.34,2026-10-01T12:13:44Z
5.44,47.6,18.3,0.0,100,3.34,2026-10-01T12:13:44Z
5.5,47.6,18.0,0.0,100,3.33,2026-10-01T12:13:44Z
5.56,47.6,18.6,0.0,100,2.97,2026-10-01T12:13:44Z
5.6,47.6,18.1,0.0,100,1.98,2026-10-01T12:13:44Z
5.66,47.6,17.9,0.1,100,2.44,2026-10-01T12:13:44Z
5.7,47.6,18.0,0.2,100,2.97,2026-10-01T12:13:44Z
5.76,47.6,18.4,0.2,100,3.26,2026-10-01T12:13:44Z
5.8,47.6,18.7,0.1,100,2.76,2026-10-01T12:13:44Z
5.86,47.6,18.7,0.2,100,2.86,2026-10-01T12:13:44Z
5.9,47.6,18.5,0.2,100,2.48,2026-10-01T12:13:44Z
5.94,47.6,18.4,0.1,100,2.76,2026-10-01T12:13:44Z
4.7,47.66,17.0,0.0,99,3.9,2026-10-01T12:13:44Z
4.76,47.66,17.0,0.0,100,2.86,2026-10-01T12:13:44Z
4.8,47.66,16.2,0.1,100,2.92,2026-10-01T12:13:44Z
4.86,47.66,16.5,0.1,100,3.55,2026-10-01T12:13:44Z
4.9,47.66,16.2,0.1,100,3.94,2026-10-01T12:13:44Z
4.94,47.66,16.5,0.1,99,4.11,2026-10-01T12:13:44Z
5.0,47.66,16.6,0.1,100,4.08,2026-10-01T12:13:44Z
5.06,47.66,16.6,0.0,100,3.72,2026-10-01T12:13:44Z
5.1,47.66,17.0,0.1,100,3.47,2026-10-01T12:13:44Z
5.16,47.66,16.8,0.1,100,3.41,2026-10-01T12:13:44Z
5.2,47.66,16.3,0.1,99,3.55,2026-10-01T12:13:44Z
5.26,47.66,17.4,0.2,100,3.54,2026-10-01T12:13:44Z
5.3,47.66,18.0,0.1,100,2.83,2026-10-01T12:13:44Z
5.36,47.66,18.1,0.1,100,2.91,2026-10-01T12:13:44Z
5.4,47.66,17.6,0.1,100,3.32,2026-10-01T12:13:44Z
5.44,47.66,17.6,0.0,100,3.11,2026-10-01T12:13:44Z
5.5,47.66,18.2,0.0,100,3.18,2026-10-01T12:13:44Z
5.56,47.66,17.9,0.0,99,3.41,2026-10-01T12:13:44Z
5.6,47.66,17.8,0.0,100,3.2,2026-10-01T12:13:44Z
5.66,47.66,17.7,0.1,100,2.92,2026-10-01T12:13:44Z
5.7,47.66,17.4,0.3,100,2.78,2026-10-01T12:13:44Z
5.76,47.66,18.2,0.5,100,3.06,2026-10-01T12:13:44Z
5.8,47.66,18.6,0.3,100,3.0,2026-10-01T12:13:44Z
5.86,47.66,18.0,0.1,100,2.94,2026-10-01T12:13:44Z
5.9,47.66,17.9,0.1,100,2.76,2026-10-01T12:13:44Z
5.94,47.66,18.1,0.1,100,2.76,2026-10-01T12:13:44Z
4.7,47.7,16.6,0.0,99,3.55,2026-10-01T12:13:44Z
4.76,47.7,16.8,0.0,100,2.95,2026-10-01T12:13:44Z
4.8,47.7,16.6,0.1,100,2.69,2026-10-01T12:13:44Z
4.86,47.7,16.8,0.2,100,3.38,2026-10-01T12:13:44Z
4.9,47.7,16.4,0.2,100,3.36,2026-10-01T12:13:44Z
4.94,47.7,16.3,0.1,100,3.4,2026-10-01T12:13:44Z
5.0,47.7,16.2,0.1,100,3.5,2026-10-01T12:13:44Z
5.06,47.7,16.7,0.1,100,3.64,2026-10-01T12:13:44Z
5.1,47.7,16.6,0.1,100,3.86,2026-10-01T12:13:44Z
5.16,47.7,16.7,0.1,100,4.1,2026-10-01T12:13:44Z
5.2,47.7,16.4,0.2,100,4.16,2026-10-01T12:13:44Z
5.26,47.7,17.3,0.2,100,3.56,2026-10-01T12:13:44Z
5.3,47.7,17.1,0.2,100,3.19,2026-10-01T12:13:44Z
5.36,47.7,17.7,0.1,100,2.97,2026-10-01T12:13:44Z
5.4,47.7,17.4,0.1,100,2.91,2026-10-01T12:13:44Z
5.44,47.7,18.1,0.0,100,2.69,2026-10-01T12:13:44Z
5.5,47.7,17.3,0.0,100,2.41,2026-10-01T12:13:44Z
5.56,47.7,17.5,0.0,99,3.19,2026-10-01T12:13:44Z
5.6,47.7,17.5,0.0,100,3.55,2026-10-01T12:13:44Z
5.66,47.7,17.8,0.0,100,3.26,2026-10-01T12:13:44Z
5.7,47.7,17.3,0.1,100,3.11,2026-10-01T12:13:44Z
5.76,47.7,18.2,0.6,100,3.18,2026-10-01T12:13:44Z
5.8,47.7,18.2,0.4,100,3.11,2026-10-01T12:13:44Z
5.86,47.7,18.0,0.2,100,2.34,2026-10-01T12:13:44Z
5.9,47.7,17.6,0.1,100,2.4,2026-10-01T12:13:44Z
5.94,47.7,17.9,0.1,100,3.04,2026-10-01T12:13:44Z
4.7,47.74,16.8,0.0,99,2.75,2026-10-01T12:13:44Z
4.76,47.74,16.7,0.0,100,2.68,2026-10-01T12:13:44Z
4.8,47.74,16.7,0.0,100,2.51,2026-10-01T12:13:44Z
4.86,47.74,16.9,0.3,100,3.04,2026-10-01T12:13:44Z
4.9,47.74,16.3,0.2,99,3.38,2026-10-01T12:13:44Z
4.94,47.74,16.6,0.1,100,3.14,2026-10-01T12:13:44Z
5.0,47.74,16.3,0.1,100,3.04,2026-10-01T12:13:44Z
5.06,47.74,16.1,0.1,100,3.22,2026-10-01T12:13:44Z
5.1,47.74,16.5,0.1,100,3.11,2026-10-01T12:13:44Z
5.16,47.74,16.5,0.1,100,4.14,2026-10-01T12:13:44Z
5.2,47.74,16.6,0.1,100,4.36,2026-10-01T12:13:44Z
5.26,47.74,17.5,0.1,99,4.06,2026-10-01T12:13:44Z
5.3,47.74,17.8,0.1,100,3.54,2026-10-01T12:13:44Z
5.36,47.74,17.5,0.2,100,3.34,2026-10-01T12:13:44Z
5.4,47.74,17.4,0.1,100,3.47,2026-10-01T12:13:44Z
5.44,47.74,17.7,0.0,100,3.11,2026-10-01T12:13:44Z
5.5,47.74,17.6,0.0,100,2.33,2026-10-01T12:13:44Z
5.56,47.74,17.6,0.0,100,2.76,2026-10-01T12:13:44Z
5.6,47.74,17.4,0.0,100,3.11,2026-10-01T12:13:44Z
5.66,47.74,17.3,0.0,100,2.97,2026-10-01T12:13:44Z
5.7,47.74,17.3,0.1,100,2.98,2026-10-01T12:13:44Z
5.76,47.74,17.6,0.3,100,3.32,2026-10-01T12:13:44Z
5.8,47.74,17.3,0.5,100,3.11,2026-10-01T12:13:44Z
5.86,47.74,18.1,0.1,100,2.48,2026-10-01T12:13:44Z
5.9,47.74,18.0,0.1,100,2.48,2026-10-01T12:13:44Z
5.94,47.74,17.7,0.1,100,2.62,2026-10-01T12:13:44Z
4.7,47.8,17.0,0.0,100,2.21,2026-10-01T12:13:44Z
4.76,47.8,17.1,0.0,100,2.62,2026-10-01T12:13:44Z
4.8,47.8,16.9,0.0,100,3.01,2026-10-01T12:13:44Z
4.86,47.8,16.8,0.1,100,3.38,2026-10-01T12:13:44Z
4.9,47.8,16.5,0.1,100,3.48,2026-10-01T12:13:44Z
4.94,47.8,16.8,0.1,100,3.32,2026-10-01T12:13:44Z
5.0,47.8,16.1,0.1,100,2.73,2026-10-01T12:13:44Z
5.06,47.8,16.9,0.1,100,3.11,2026-10-01T12:13:44Z
5.1,47.8,16.3,0.1,100,3.41,2026-10-01T12:13:44Z
5.16,47.8,16.3,0.1,99,3.33,2026-10-01T12:13:44Z
5.2,47.8,16.1,0.1,99,3.74,2026-10-01T12:13:44Z
5.26,47.8,16.5,0.1,100,4.47,2026-10-01T12:13:44Z
5.3,47.8,16.7,0.1,100,4.31,2026-10-01T12:13:44Z
5.36,47.8,16.4,0.1,100,3.96,2026-10-01T12:13:44Z
5.4,47.8,16.5,0.1,100,3.96,2026-10-01T12:13:44Z
5.44,47.8,17.3,0.1,100,3.11,2026-10-01T12:13:44Z
5.5,47.8,17.4,0.0,100,2.83,2026-10-01T12:13:44Z
5.56,47.8,17.3,0.1,100,2.7,2026-10-01T12:13:44Z
5.6,47.8,17.4,0.2,100,2.94,2026-10-01T12:13:44Z
5.66,47.8,18.0,0.1,100,3.48,2026-10-01T12:13:44Z
5.7,47.8,17.8,0.1,100,3.62,2026-10-01T12:13:44Z
5.76,47.8,18.2,0.1,100,3.42,2026-10-01T12:13:44Z
5.8,47.8,17.9,0.3,100,3.11,2026-10-01T12:13:44Z
5.86,47.8,18.4,0.3,100,3.19,2026-10-01T12:13:44Z
5.9,47.8,18.5,0.3,100,2.73,2026-10-01T12:13:44Z
5.94,47.8,18.3,0.3,100,2.56,2026-10-01T12:13:44Z
4.7,47.84,17.7,0.0,99,2.43,2026-10-01T12:13:44Z
4.76,47.84,17.0,0.0,99,2.43,2026-10-01T12:13:44Z
4.8,47.84,16.5,0.0,99,2.6,2026-10-01T12:13:44Z
4.86,47.84,17.0,0.0,99,2.85,2026-10-01T12:13:44Z
4.9,47.84,16.5,0.1,100,2.88,2026-10-01T12:13:44Z
4.94,47.84,16.7,0.1,100,2.77,2026-10-01T12:13:44Z
5.0,47.84,17.2,0.1,100,2.73,2026-10-01T12:13:44Z
5.06,47.84,16.4,0.1,100,3.09,2026-10-01T12:13:44Z
5.1,47.84,16.2,0.1,100,3.18,2026-10-01T12:13:44Z
5.16,47.84,16.2,0.1,100,3.19,2026-10-01T12:13:44Z
5.2,47.84,16.1,0.1,100,3.41,2026-10-01T12:13:44Z
5.26,47.84,16.7,0.2,100,3.58,2026-10-01T12:13:44Z
5.3,47.84,16.4,0.2,100,3.88,2026-10-01T12:13:44Z
5.36,47.84,17.0,0.1,100,3.78,2026-10-01T12:13:44Z
5.4,47.84,16.7,0.1,100,3.98,2026-10-01T12:13:44Z
5.44,47.84,16.8,0.1,100,4.12,2026-10-01T12:13:44Z
5.5,47.84,17.3,0.1,100,3.8,2026-10-01T12:13:44Z
5.56,47.84,17.8,0.2,100,3.47,2026-10-01T12:13:44Z
5.6,47.84,17.9,0.3,100,3.08,2026-10-01T12:13:44Z
5.66,47.84,17.7,0.1,100,3.68,2026-10-01T12:13:44Z
5.7,47.84,18.0,0.2,100,3.98,2026-10-01T12:13:44Z
5.76,47.84,17.7,0.1,100,3.64,2026-10-01T12:13:44Z
5.8,47.84,18.5,0.2,100,3.42,2026-10-01T12:13:44Z
5.86,47.84,18.1,0.3,100,3.55,2026-10-01T12:13:44Z
5.9,47.84,18.6,0.3,100,3.5,2026-10-01T12:13:44Z
5.94,47.84,18.3,0.4,100,3.0,2026-10-01T12:13:44Z
4.7,47.9,17.5,0.0,99,2.9,2026-10-01T12:13:44Z
4.76,47.9,17.5,0.0,100,2.67,2026-10-01T12:13:44Z
4.8,47.9,17.4,0.0,98,2.53,2026-10-01T12:13:44Z
4.86,47.9,16.8,0.0,100,2.66,2026-10-01T12:13:44Z
4.9,47.9,16.9,0.1,100,2.64,2026-10-01T12:13:44Z
4.94,47.9,16.8,0.2,100,2.47,2026-10-01T12:13:44Z
5.0,47.9,16.5,0.2,100,2.38,2026-10-01T12:13:44Z
5.06,47.9,16.3,0.1,100,3.0,2026-10-01T12:13:44Z
5.1,47.9,17.0,0.1,100,3.0,2026-10-01T12:13:44Z
5.16,47.9,16.1,0.1,100,3.09,2026-10-01T12:13:44Z
5.2,47.9,16.8,0.1,100,3.05,2026-10-01T12:13:44Z
5.26,47.9,16.5,0.1,100,3.98,2026-10-01T12:13:44Z
5.3,47.9,17.3,0.1,100,3.69,2026-10-01T12:13:44Z
5.36,47.9,17.1,0.1,100,4.16,2026-10-01T12:13:44Z
5.4,47.9,16.9,0.0,100,4.2,2026-10-01T12:13:44Z
5.44,47.9,16.8,0.1,100,4.2,2026-10-01T12:13:44Z
5.5,47.9,16.8,0.1,100,4.22,2026-10-01T12:13:44Z
5.56,47.9,17.8,0.1,100,3.76,2026-10-01T12:13:44Z
5.6,47.9,17.2,0.2,100,3.54,2026-10-01T12:13:44Z
5.66,47.9,18.3,0.1,100,3.19,2026-10-01T12:13:44Z
5.7,47.9,18.0,0.1,100,3.33,2026-10-01T12:13:44Z
5.76,47.9,18.0,0.1,100,3.33,2026-10-01T12:13:44Z
5.8,47.9,18.0,0.1,100,3.4,2026-10-01T12:13:44Z
5.86,47.9,18.1,0.1,100,2.83,2026-10-01T12:13:44Z
5.9,47.9,17.8,0.1,100,3.05,2026-10-01T12:13:44Z
5.94,47.9,17.9,0.1,100,3.56,2026-10-01T12:13:44Z
4.7,47.96,18.0,0.0,100,2.71,2026-10-01T12:13:44Z
4.74,47.96,17.0,0.0,100,2.32,2026-10-01T12:13:44Z
4.8,47.96,17.8,0.0,100,2.83,2026-10-01T12:13:44Z
4.86,47.96,17.5,0.1,100,2.86,2026-10-01T12:13:44Z
4.9,47.96,17.3,0.1,100,2.89,2026-10-01T12:13:44Z
4.94,47.96,17.0,0.2,100,2.69,2026-10-01T12:13:44Z
5.0,47.96,17.3,0.2,100,2.85,2026-10-01T12:13:44Z
5.06,47.96,16.3,0.1,100,2.46,2026-10-01T12:13:44Z
5.1,47.96,16.5,0.2,100,2.25,2026-10-01T12:13:44Z
5.16,47.96,16.2,0.2,100,2.61,2026-10-01T12:13:44Z
5.2,47.96,16.9,0.1,100,2.94,2026-10-01T12:13:44Z
5.26,47.96,16.7,0.1,100,3.47,2026-10-01T12:13:44Z
5.3,47.96,17.1,0.1,100,4.02,2026-10-01T12:13:44Z
5.36,47.96,16.9,0.1,100,3.88,2026-10-01T12:13:44Z
5.4,47.96,16.6,0.1,100,3.88,2026-10-01T12:13:44Z
5.44,47.96,16.7,0.0,100,3.88,2026-10-01T12:13:44Z
5.5,47.96,16.7,0.1,100,3.78,2026-10-01T12:13:44Z
5.56,47.96,17.1,0.1,100,4.05,2026-10-01T12:13:44Z
5.6,47.96,17.2,0.1,100,4.5,2026-10-01T12:13:44Z
5.66,47.96,16.9,0.1,100,3.4,2026-10-01T12:13:44Z
5.7,47.96,17.6,0.0,100,3.19,2026-10-01T12:13:44Z
5.76,47.96,18.1,0.0,100,3.47,2026-10-01T12:13:44Z
5.8,47.96,18.2,0.1,100,3.47,2026-10-01T12:13:44Z
5.86,47.96,17.9,0.0,100,3.18,2026-10-01T12:13:44Z
5.9,47.96,18.6,0.0,100,3.25,2026-10-01T12:13:44Z
5.94,47.96,18.6,0.0,100,3.75,2026-10-01T12:13:44Z
4.7,48.0,17.8,0.0,100,2.6,2026-10-01T12:13:44Z
4.76,48.0,17.5,0.0,99,2.3,2026-10-01T12:13:44Z
4.8,48.0,18.0,0.0,100,2.5,2026-10-01T12:13:44Z
4.86,48.0,17.6,0.1,100,2.72,2026-10-01T12:13:44Z
4.9,48.0,17.7,0.1,100,2.63,2026-10-01T12:13:44Z
4.94,48.0,17.3,0.1,100,2.47,2026-10-01T12:13:44Z
5.0,48.0,16.8,0.1,100,2.12,2026-10-01T12:13:44Z
5.06,48.0,16.4,0.2,100,2.39,2026-10-01T12:13:44Z
5.1,48.0,16.5,0.2,100,2.25,2026-10-01T12:13:44Z
5.16,48.0,16.5,0.1,100,2.97,2026-10-01T12:13:44Z
5.2,48.0,16.2,0.4,100,2.83,2026-10-01T12:13:44Z
5.26,48.0,16.7,0.1,100,3.2,2026-10-01T12:13:44Z
5.3,48.0,16.6,0.1,100,3.64,2026-10-01T12:13:44Z
5.36,48.0,16.5,0.1,100,4.33,2026-10-01T12:13:44Z
5.4,48.0,16.3,0.1,100,4.58,2026-10-01T12:13:44Z
5.44,48.0,16.9,0.1,100,4.0,2026-10-01T12:13:44Z
5.5,48.0,17.0,0.1,100,3.94,2026-10-01T12:13:44Z
5.56,48.0,17.2,0.1,100,3.55,2026-10-01T12:13:44Z
5.6,48.0,17.1,0.1,100,4.64,2026-10-01T12:13:44Z
5.66,48.0,17.1,0.0,100,4.18,2026-10-01T12:13:44Z
5.7,48.0,17.7,0.0,100,3.41,2026-10-01T12:13:44Z
5.76,48.0,17.0,0.1,100,3.33,2026-10-01T12:13:44Z
5.8,48.0,17.2,0.1,100,3.54,2026-10-01T12:13:44Z
5.86,48.0,17.8,0.0,99,3.55,2026-10-01T12:13:44Z
5.9,48.0,18.6,0.0,100,3.32,2026-10-01T12:13:44Z
5.94,48.0,17.9,0.0,100,2.97,2026-10-01T12:13:44Z
4.7,48.04,17.6,0.0,99,2.3,2026-10-01T12:13:44Z
4.76,48.04,17.7,0.0,100,2.41,2026-10-01T12:13:44Z
4.8,48.04,17.7,0.0,99,2.5,2026-10-01T12:13:44Z
4.86,48.04,17.4,0.0,100,2.7,2026-10-01T12:13:44Z
4.9,48.04,18.2,0.0,100,2.62,2026-10-01T12:13:44Z
4.94,48.04,17.6,0.1,100,2.24,2026-10-01T12:13:44Z
5.0,48.04,17.0,0.1,100,2.21,2026-10-01T12:13:44Z
5.06,48.04,16.9,0.1,100,2.37,2026-10-01T12:13:44Z
5.1,48.04,16.4,0.2,100,2.19,2026-10-01T12:13:44Z
5.16,48.04,17.0,0.1,100,2.77,2026-10-01T12:13:44Z
5.2,48.04,16.8,0.2,100,2.94,2026-10-01T12:13:44Z
5.26,48.06,16.0,0.2,100,2.61,2026-10-01T12:13:44Z
5.3,48.04,16.5,0.1,100,2.97,2026-10-01T12:13:44Z
5.36,48.04,16.4,0.1,100,3.54,2026-10-01T12:13:44Z
5.4,48.04,16.3,0.0,100,4.1,2026-10-01T12:13:44Z
5.44,48.04,16.4,0.1,100,3.92,2026-10-01T12:13:44Z
5.5,48.04,17.1,0.4,100,4.12,2026-10-01T12:13:44Z
5.56,48.04,17.2,0.3,100,3.94,2026-10-01T12:13:44Z
5.6,48.04,17.1,0.1,100,4.24,2026-10-01T12:13:44Z
5.66,48.04,17.2,0.0,100,3.78,2026-10-01T12:13:44Z
5.7,48.04,16.6,0.0,100,3.34,2026-10-01T12:13:44Z
5.76,48.04,16.0,0.0,100,3.04,2026-10-01T12:13:44Z
5.8,48.04,16.9,0.1,100,3.47,2026-10-01T12:13:44Z
5.86,48.04,17.6,0.1,99,3.68,2026-10-01T12:13:44Z
5.9,48.04,17.9,0.0,100,2.9,2026-10-01T12:13:44Z
5.94,48.04,18.0,0.0,100,2.83,2026-10-01T12:13:44Z
4.7,48.1,17.7,0.0,99,2.53,2026-10-01T12:13:44Z
4.76,48.1,17.6,0.0,100,2.12,2026-10-01T12:13:44Z
4.8,48.1,18.6,0.0,100,2.2,2026-10-01T12:13:44Z
4.86,48.1,17.2,0.0,100,2.73,2026-10-01T12:13:44Z
4.9,48.1,18.3,0.1,100,2.6,2026-10-01T12:13:44Z
4.94,48.1,17.6,0.1,100,2.57,2026-10-01T12:13:44Z
5.0,48.1,17.4,0.1,100,2.35,2026-10-01T12:13:44Z
5.06,48.1,17.3,0.1,100,2.11,2026-10-01T12:13:44Z
5.1,48.1,17.2,0.1,100,2.09,2026-10-01T12:13:44Z
5.16,48.1,16.9,0.2,100,2.38,2026-10-01T12:13:44Z
5.2,48.1,16.5,0.2,100,2.6,2026-10-01T12:13:44Z
5.26,48.1,16.2,0.2,100,2.37,2026-10-01T12:13:44Z
5.3,48.1,15.9,0.2,100,2.91,2026-10-01T12:13:44Z
5.36,48.1,16.7,0.1,100,3.81,2026-10-01T12:13:44Z
5.4,48.1,16.7,0.1,100,4.19,2026-10-01T12:13:44Z
5.44,48.1,16.3,0.1,100,4.16,2026-10-01T12:13:44Z
5.5,48.1,16.2,0.1,100,4.33,2026-10-01T12:13:44Z
5.56,48.1,17.5,0.6,100,3.64,2026-10-01T12:13:44Z
5.6,48.1,17.3,0.1,100,3.86,2026-10-01T12:13:44Z
5.66,48.1,17.4,0.0,99,3.78,2026-10-01T12:13:44Z
5.7,48.1,17.3,0.1,100,2.62,2026-10-01T12:13:44Z
5.76,48.1,17.0,0.1,100,2.91,2026-10-01T12:13:44Z
5.8,48.1,17.2,0.1,99,3.11,2026-10-01T12:13:44Z
5.86,48.1,17.0,0.1,100,3.83,2026-10-01T12:13:44Z
5.9,48.1,17.5,0.1,99,4.18,2026-10-01T12:13:44Z
5.94,48.1,17.2,0.1,99,2.97,2026-10-01T12:13:44Z
4.7,48.16,17.7,0.0,98,3.42,2026-10-01T12:13:44Z
4.76,48.16,18.1,0.0,100,2.43,2026-10-01T12:13:44Z
4.8,48.16,18.8,0.0,100,2.43,2026-10-01T12:13:44Z
4.86,48.16,18.3,0.0,100,2.35,2026-10-01T12:13:44Z
4.9,48.16,17.3,0.0,100,1.94,2026-10-01T12:13:44Z
4.94,48.16,17.8,0.1,100,2.28,2026-10-01T12:13:44Z
5.0,48.16,17.2,0.1,100,2.33,2026-10-01T12:13:44Z
5.06,48.16,16.8,0.1,100,2.35,2026-10-01T12:13:44Z
5.1,48.16,17.5,0.1,100,2.14,2026-10-01T12:13:44Z
5.16,48.16,17.1,0.2,100,2.38,2026-10-01T12:13:44Z
5.2,48.16,16.8,0.1,100,2.6,2026-10-01T12:13:44Z
5.26,48.16,16.6,0.1,100,1.99,2026-10-01T12:13:44Z
5.3,48.16,16.0,0.2,100,2.02,2026-10-01T12:13:44Z
5.36,48.16,16.5,0.2,99,2.92,2026-10-01T12:13:44Z
5.4,48.16,16.2,0.1,99,3.47,2026-10-01T12:13:44Z
5.44,48.16,16.3,0.1,100,3.55,2026-10-01T12:13:44Z
5.5,48.16,16.1,0.1,99,4.19,2026-10-01T12:13:44Z
5.56,48.16,17.1,0.1,99,4.0,2026-10-01T12:13:44Z
5.6,48.16,17.1,0.0,100,3.76,2026-10-01T12:13:44Z
5.66,48.16,16.9,0.0,100,2.77,2026-10-01T12:13:44Z
5.7,48.16,17.6,0.0,100,3.05,2026-10-01T12:13:44Z
5.76,48.16,16.9,0.0,100,2.25,2026-10-01T12:13:44Z
5.8,48.16,17.2,0.0,100,2.8,2026-10-01T12:13:44Z
5.86,48.16,16.4,0.0,100,3.14,2026-10-01T12:13:44Z
5.9,48.16,17.0,0.1,100,3.69,2026-10-01T12:13:44Z
5.94,48.16,17.0,0.1,99,4.24,2026-10-01T12:13:44Z
4.7,48.2,17.8,0.0,100,3.51,2026-10-01T12:13:44Z
4.76,48.2,18.8,0.0,100,3.06,2026-10-01T12:13:44Z
4.8,48.2,18.6,0.0,100,2.75,2026-10-01T12:13:44Z
4.86,48.2,17.6,0.1,100,2.06,2026-10-01T12:13:44Z
4.9,48.2,17.4,0.1,100,2.14,2026-10-01T12:13:44Z
4.94,48.2,17.4,0.1,100,2.33,2026-10-01T12:13:44Z
5.0,48.2,16.9,0.1,100,2.67,2026-10-01T12:13:44Z
5.06,48.2,17.0,0.1,100,2.33,2026-10-01T12:13:44Z
5.1,48.2,17.6,0.1,100,2.24,2026-10-01T12:13:44Z
5.16,48.2,17.8,0.2,100,2.33,2026-10-01T12:13:44Z
5.2,48.2,17.2,0.1,100,2.24,2026-10-01T12:13:44Z
5.26,48.2,16.9,0.2,100,2.57,2026-10-01T12:13:44Z
5.3,48.2,16.8,0.3,100,2.47,2026-10-01T12:13:44Z
5.36,48.2,16.3,0.3,100,2.47,2026-10-01T12:13:44Z
5.4,48.2,16.5,0.2,100,2.42,2026-10-01T12:13:44Z
5.44,48.2,16.3,0.3,100,2.95,2026-10-01T12:13:44Z
5.5,48.2,15.7,0.1,100,3.58,2026-10-01T12:13:44Z
5.56,48.2,16.5,0.1,100,3.83,2026-10-01T12:13:44Z
5.6,48.2,17.2,0.0,100,3.62,2026-10-01T12:13:44Z
5.66,48.2,17.3,0.0,99,3.47,2026-10-01T12:13:44Z
5.7,48.22,16.5,0.0,99,3.91,2026-10-01T12:13:44Z
5.76,48.2,17.6,0.0,99,3.11,2026-10-01T12:13:44Z
5.8,48.2,17.4,0.1,100,3.26,2026-10-01T12:13:44Z
5.86,48.2,16.8,0.1,100,2.95,2026-10-01T12:13:44Z
5.9,48.2,17.7,0.1,100,3.13,2026-10-01T12:13:44Z
5.94,48.2,17.6,0.1,99,3.0,2026-10-01T12:13:44Z
4.7,48.24,18.9,0.0,100,3.16,2026-10-01T12:13:44Z
4.76,48.24,19.0,0.0,100,3.42,2026-10-01T12:13:44Z
4.8,48.24,18.5,0.0,100,3.62,2026-10-01T12:13:44Z
4.86,48.24,17.4,0.1,100,3.14,2026-10-01T12:13:44Z
4.9,48.24,17.7,0.1,100,2.75,2026-10-01T12:13:44Z
4.94,48.24,17.9,0.1,100,2.53,2026-10-01T12:13:44Z
5.0,48.24,17.0,0.1,100,1.94,2026-10-01T12:13:44Z
5.06,48.24,16.6,0.1,100,2.5,2026-10-01T12:13:44Z
5.1,48.24,17.7,0.1,100,2.06,2026-10-01T12:13:44Z
5.16,48.24,17.1,0.2,100,2.4,2026-10-01T12:13:44Z
5.2,48.24,16.6,0.1,100,2.33,2026-10-01T12:13:44Z
5.26,48.24,16.9,0.2,100,2.42,2026-10-01T12:13:44Z
5.3,48.24,17.6,0.2,100,2.28,2026-10-01T12:13:44Z
5.36,48.24,17.0,0.3,100,2.12,2026-10-01T12:13:44Z
5.4,48.24,16.8,0.3,100,2.62,2026-10-01T12:13:44Z
5.44,48.24,16.6,0.5,100,3.1,2026-10-01T12:13:44Z
5.5,48.24,16.5,0.5,100,3.61,2026-10-01T12:13:44Z
5.56,48.24,16.6,0.2,100,3.85,2026-10-01T12:13:44Z
5.6,48.24,17.0,0.1,100,3.41,2026-10-01T12:13:44Z
5.66,48.24,16.6,0.0,100,3.38,2026-10-01T12:13:44Z
5.7,48.24,17.6,0.1,99,3.69,2026-10-01T12:13:44Z
5.76,48.24,16.9,0.1,100,3.36,2026-10-01T12:13:44Z
5.8,48.24,17.2,0.2,100,3.4,2026-10-01T12:13:44Z
5.86,48.24,17.1,0.1,100,3.14,2026-10-01T12:13:44Z
5.9,48.24,17.7,0.1,100,3.31,2026-10-01T12:13:44Z
5.94,48.24,17.6,0.1,100,3.54,2026-10-01T12:13:44Z
4.7,48.3,19.0,0.0,100,3.52,2026-10-01T12:13:44Z
4.76,48.3,18.9,0.0,100,3.65,2026-10-01T12:13:44Z
4.8,48.3,18.5,0.0,100,3.55,2026-10-01T12:13:44Z
4.86,48.3,18.3,0.0,100,2.98,2026-10-01T12:13:44Z
4.9,48.3,17.8,0.0,100,3.04,2026-10-01T12:13:44Z
4.94,48.3,18.4,0.1,100,2.82,2026-10-01T12:13:44Z
5.0,48.3,17.3,0.1,100,2.8,2026-10-01T12:13:44Z
5.06,48.3,17.1,0.3,100,2.81,2026-10-01T12:13:44Z
5.1,48.3,17.1,0.1,100,2.32,2026-10-01T12:13:44Z
5.16,48.3,17.5,0.2,100,2.11,2026-10-01T12:13:44Z
5.2,48.3,16.8,0.2,100,2.16,2026-10-01T12:13:44Z
5.26,48.3,17.7,0.2,100,2.47,2026-10-01T12:13:44Z
5.3,48.3,16.8,0.2,100,2.47,2026-10-01T12:13:44Z
5.36,48.3,16.8,0.2,100,2.44,2026-10-01T12:13:44Z
5.4,48.3,17.0,0.2,100,2.5,2026-10-01T12:13:44Z
5.44,48.3,16.1,0.2,100,2.82,2026-10-01T12:13:44Z
5.5,48.3,17.1,0.5,100,3.1,2026-10-01T12:13:44Z
5.56,48.3,17.4,0.2,100,2.82,2026-10-01T12:13:44Z
5.6,48.3,17.1,0.2,100,2.55,2026-10-01T12:13:44Z
5.66,48.3,17.3,0.1,99,2.87,2026-10-01T12:13:44Z
5.7,48.3,17.3,0.1,100,3.19,2026-10-01T12:13:44Z
5.76,48.3,16.3,0.1,100,3.98,2026-10-01T12:13:44Z
5.8,48.3,16.8,0.1,100,3.45,2026-10-01T12:13:44Z
5.86,48.3,17.8,0.2,100,3.36,2026-10-01T12:13:44Z
5.9,48.3,17.7,0.2,100,3.09,2026-10-01T12:13:44Z
5.94,48.3,17.5,0.1,100,3.31,2026-10-01T12:13:44Z
4.7,48.34,19.5,0.0,100,3.21,2026-10-01T12:13:44Z
4.76,48.34,19.1,0.0,100,3.52,2026-10-01T12:13:44Z
4.8,48.34,18.9,0.0,100,3.52,2026-10-01T12:13:44Z
4.86,48.34,18.6,0.0,100,3.34,2026-10-01T12:13:44Z
4.9,48.34,18.1,0.0,100,3.24,2026-10-01T12:13:44Z
4.94,48.34,17.9,0.0,100,2.67,2026-10-01T12:13:44Z
5.0,48.34,17.4,0.1,100,2.42,2026-10-01T12:13:44Z
5.06,48.34,17.8,0.1,100,2.93,2026-10-01T12:13:44Z
5.1,48.34,17.1,0.2,100,2.82,2026-10-01T12:13:44Z
5.16,48.34,17.7,0.2,100,2.12,2026-10-01T12:13:44Z
5.2,48.34,17.2,0.2,100,1.94,2026-10-01T12:13:44Z
5.26,48.34,17.2,0.2,100,2.16,2026-10-01T12:13:44Z
5.3,48.34,16.6,0.2,100,2.16,2026-10-01T12:13:44Z
5.36,48.34,16.5,0.1,100,2.77,2026-10-01T12:13:44Z
5.4,48.34,16.6,0.2,100,2.57,2026-10-01T12:13:44Z
5.44,48.34,16.5,0.2,100,2.89,2026-10-01T12:13:44Z
5.5,48.34,16.5,0.3,100,2.66,2026-10-01T12:13:44Z
5.56,48.34,16.2,0.1,100,2.79,2026-10-01T12:13:44Z
5.6,48.34,17.3,0.1,100,2.88,2026-10-01T12:13:44Z
5.66,48.34,17.5,0.1,100,2.42,2026-10-01T12:13:44Z
5.7,48.34,17.8,0.1,99,2.59,2026-10-01T12:13:44Z
5.76,48.34,16.7,0.1,100,3.05,2026-10-01T12:13:44Z
5.8,48.34,16.7,0.1,100,3.23,2026-10-01T12:13:44Z
5.86,48.34,17.8,0.2,100,3.62,2026-10-01T12:13:44Z
5.9,48.34,17.5,0.2,100,3.26,2026-10-01T12:13:44Z
5.94,48.34,17.7,0.1,100,3.49,2026-10-01T12:13:44Z
4.7,48.4,19.7,0.0,100,2.43,2026-10-01T12:13:44Z
4.76,48.4,19.6,0.0,100,2.72,2026-10-01T12:13:44Z
4.8,48.4,19.2,0.0,100,2.9,2026-10-01T12:13:44Z
4.86,48.4,19.2,0.0,100,3.01,2026-10-01T12:13:44Z
4.9,48.4,19.0,0.0,100,3.22,2026-10-01T12:13:44Z
4.94,48.4,18.8,0.0,100,3.34,2026-10-01T12:13:44Z
5.0,48.4,17.9,0.0,100,3.13,2026-10-01T12:13:44Z
5.06,48.4,17.5,0.1,100,2.71,2026-10-01T12:13:44Z
5.1,48.4,17.3,0.1,100,2.4,2026-10-01T12:13:44Z
5.16,48.4,17.8,0.3,100,1.82,2026-10-01T12:13:44Z
5.2,48.4,16.7,0.3,100,2.45,2026-10-01T12:13:44Z
5.26,48.4,17.0,0.2,100,2.53,2026-10-01T12:13:44Z
5.3,48.4,16.5,0.2,100,2.62,2026-10-01T12:13:44Z
5.36,48.4,16.5,0.2,100,3.06,2026-10-01T12:13:44Z
5.4,48.4,16.7,0.2,100,2.57,2026-10-01T12:13:44Z
5.44,48.4,16.5,0.2,100,2.62,2026-10-01T12:13:44Z
5.5,48.4,16.7,0.2,100,2.69,2026-10-01T12:13:44Z
5.56,48.4,16.4,0.1,100,3.13,2026-10-01T12:13:44Z
5.6,48.4,16.8,0.1,100,2.72,2026-10-01T12:13:44Z
5.66,48.4,17.7,0.1,100,2.75,2026-10-01T12:13:44Z
5.7,48.4,17.8,0.1,100,2.4,2026-10-01T12:13:44Z
5.76,48.4,17.5,0.1,100,2.69,2026-10-01T12:13:44Z
5.8,48.4,16.9,0.2,100,2.62,2026-10-01T12:13:44Z
5.86,48.4,17.0,0.1,100,3.4,2026-10-01T12:13:44Z
5.9,48.4,17.4,0.1,100,3.22,2026-10-01T12:13:44Z
5.94,48.4,16.9,0.1,100,3.45,2026-10-01T12:13:44Z
4.7,48.46,20.2,0.0,99,3.51,2026-10-01T12:13:44Z
4.76,48.46,19.7,0.0,99,3.51,2026-10-01T12:13:44Z
4.8,48.46,19.8,0.0,100,3.41,2026-10-01T12:13:44Z
4.86,48.46,18.8,0.0,100,2.1,2026-10-01T12:13:44Z
4.9,48.46,18.7,0.0,100,2.1,2026-10-01T12:13:44Z
4.94,48.46,18.9,0.0,100,2.2,2026-10-01T12:13:44Z
5.0,48.46,18.4,0.0,100,3.22,2026-10-01T12:13:44Z
5.06,48.46,18.0,0.0,100,3.03,2026-10-01T12:13:44Z
5.1,48.46,17.6,0.1,100,2.72,2026-10-01T12:13:44Z
5.16,48.46,18.0,0.2,100,2.11,2026-10-01T12:13:44Z
5.2,48.46,16.7,0.3,100,2.51,2026-10-01T12:13:44Z
5.26,48.46,16.5,0.3,100,2.81,2026-10-01T12:13:44Z
5.3,48.46,16.9,0.2,100,2.82,2026-10-01T12:13:44Z
5.36,48.46,16.9,0.2,100,3.28,2026-10-01T12:13:44Z
5.4,48.46,16.4,0.3,100,3.08,2026-10-01T12:13:44Z
5.44,48.46,17.0,0.2,100,2.77,2026-10-01T12:13:44Z
5.5,48.46,16.7,0.1,100,2.67,2026-10-01T12:13:44Z
5.56,48.46,16.2,0.1,100,2.77,2026-10-01T12:13:44Z
5.6,48.46,16.7,0.1,100,3.1,2026-10-01T12:13:44Z
5.66,48.46,17.5,0.1,100,3.14,2026-10-01T12:13:44Z
5.7,48.46,17.8,0.2,100,3.14,2026-10-01T12:13:44Z
5.76,48.46,17.6,0.2,100,2.95,2026-10-01T12:13:44Z
5.8,48.46,17.5,0.2,100,2.86,2026-10-01T12:13:44Z
5.86,48.46,17.5,0.1,100,3.19,2026-10-01T12:13:44Z
5.9,48.46,17.2,0.1,100,3.0,2026-10-01T12:13:44Z
5.94,48.46,17.2,0.1,100,3.4,2026-10-01T12:13:44Z
4.7,48.5,20.2,0.0,99,3.92,2026-10-01T12:13:44Z
4.76,48.5,19.9,0.0,100,4.02,2026-10-01T12:13:44Z
4.8,48.5,20.0,0.0,100,3.31,2026-10-01T12:13:44Z
4.86,48.5,19.6,0.0,99,2.5,2026-10-01T12:13:44Z
4.9,48.5,18.9,0.0,100,2.3,2026-10-01T12:13:44Z
4.94,48.5,19.0,0.0,100,2.7,2026-10-01T12:13:44Z
5.0,48.5,18.7,0.0,100,3.1,2026-10-01T12:13:44Z
5.06,48.5,18.1,0.0,100,2.9,2026-10-01T12:13:44Z
5.1,48.5,17.8,0.0,100,2.6,2026-10-01T12:13:44Z
5.16,48.5,17.2,0.2,100,2.2,2026-10-01T12:13:44Z
5.2,48.5,16.9,0.3,100,2.3,2026-10-01T12:13:44Z
5.26,48.5,16.8,0.3,100,2.81,2026-10-01T12:13:44Z
5.3,48.5,16.6,0.3,100,3.11,2026-10-01T12:13:44Z
5.36,48.5,17.0,0.2,100,2.96,2026-10-01T12:13:44Z
5.4,48.5,16.6,0.3,100,2.86,2026-10-01T12:13:44Z
5.44,48.5,16.6,0.3,100,2.86,2026-10-01T12:13:44Z
5.5,48.5,17.1,0.2,100,2.55,2026-10-01T12:13:44Z
5.56,48.5,16.8,0.1,99,2.67,2026-10-01T12:13:44Z
5.6,48.5,16.3,0.1,99,3.32,2026-10-01T12:13:44Z
5.66,48.5,17.0,0.1,100,2.82,2026-10-01T12:13:44Z
5.7,48.5,17.9,0.1,99,2.68,2026-10-01T12:13:44Z
5.76,48.5,16.8,0.2,100,3.35,2026-10-01T12:13:44Z
5.8,48.52,16.5,0.2,100,3.09,2026-10-01T12:13:44Z
5.86,48.5,17.9,0.1,100,2.77,2026-10-01T12:13:44Z
5.9,48.5,17.2,0.1,100,2.69,2026-10-01T12:13:44Z
5.94,48.5,16.9,0.1,100,3.23,2026-10-01T12:13:44Z
4.7,48.54,20.2,0.0,100,4.32,2026-10-01T12:13:44Z
4.76,48.54,20.2,0.0,99,3.81,2026-10-01T12:13:44Z
4.8,48.54,20.1,0.0,98,3.4,2026-10-01T12:13:44Z
4.86,48.54,19.2,0.0,100,2.3,2026-10-01T12:13:44Z
4.9,48.54,19.1,0.0,100,2.61,2026-10-01T12:13:44Z
4.94,48.54,18.9,0.0,100,2.6,2026-10-01T12:13:44Z
5.0,48.54,18.7,0.0,100,2.51,2026-10-01T12:13:44Z
5.06,48.54,18.6,0.0,100,2.7,2026-10-01T12:13:44Z
5.1,48.54,18.6,0.0,100,2.21,2026-10-01T12:13:44Z
5.16,48.54,17.4,0.1,100,2.42,2026-10-01T12:13:44Z
5.2,48.54,17.1,0.1,100,2.53,2026-10-01T12:13:44Z
5.26,48.54,17.0,0.3,100,2.8,2026-10-01T12:13:44Z
5.3,48.54,16.9,0.3,100,3.0,2026-10-01T12:13:44Z
5.36,48.54,17.2,0.3,100,2.52,2026-10-01T12:13:44Z
5.4,48.54,16.5,0.3,100,2.42,2026-10-01T12:13:44Z
5.44,48.54,16.8,0.3,100,2.91,2026-10-01T12:13:44Z
5.5,48.54,17.3,0.3,100,2.73,2026-10-01T12:13:44Z
5.56,48.54,17.0,0.1,100,3.18,2026-10-01T12:13:44Z
5.6,48.54,16.7,0.1,100,3.18,2026-10-01T12:13:44Z
5.66,48.54,17.2,0.1,100,3.13,2026-10-01T12:13:44Z
5.7,48.54,17.3,0.1,100,2.94,2026-10-01T12:13:44Z
5.76,48.54,17.6,0.1,100,2.73,2026-10-01T12:13:44Z
5.8,48.54,17.5,0.1,100,2.92,2026-10-01T12:13:44Z
5.86,48.54,17.9,0.1,100,2.79,2026-10-01T12:13:44Z
5.9,48.54,18.1,0.1,100,3.27,2026-10-01T12:13:44Z
5.94,48.54,17.6,0.1,100,3.8,2026-10-01T12:13:44Z
4.7,48.6,20.3,0.0,100,3.62,2026-10-01T12:13:44Z
4.76,48.62,20.5,0.0,100,3.5,2026-10-01T12:13:44Z
4.8,48.6,20.3,0.0,99,3.4,2026-10-01T12:13:44Z
4.86,48.6,19.9,0.0,99,3.41,2026-10-01T12:13:44Z
4.9,48.6,19.7,0.0,100,3.42,2026-10-01T12:13:44Z
4.94,48.6,19.2,0.0,100,2.63,2026-10-01T12:13:44Z
5.0,48.6,18.7,0.0,100,2.43,2026-10-01T12:13:44Z
5.06,48.6,18.8,0.0,100,2.77,2026-10-01T12:13:44Z
5.1,48.6,18.5,0.0,100,2.89,2026-10-01T12:13:44Z
5.16,48.6,18.0,0.0,100,3.06,2026-10-01T12:13:44Z
5.2,48.6,17.7,0.0,100,2.82,2026-10-01T12:13:44Z
5.26,48.6,18.0,0.1,100,2.2,2026-10-01T12:13:44Z
5.3,48.6,17.5,0.2,100,2.21,2026-10-01T12:13:44Z
5.36,48.6,17.0,0.4,100,2.7,2026-10-01T12:13:44Z
5.4,48.6,17.2,0.4,100,2.71,2026-10-01T12:13:44Z
5.44,48.6,17.2,0.3,100,2.82,2026-10-01T12:13:44Z
5.5,48.6,16.6,0.2,100,2.81,2026-10-01T12:13:44Z
5.56,48.6,17.3,0.2,100,2.61,2026-10-01T12:13:44Z
5.6,48.6,17.0,0.2,100,2.65,2026-10-01T12:13:44Z
5.66,48.6,17.1,0.2,99,2.96,2026-10-01T12:13:44Z
5.7,48.6,17.4,0.2,99,3.13,2026-10-01T12:13:44Z
5.76,48.6,17.1,0.1,100,2.72,2026-10-01T12:13:44Z
5.8,48.6,16.9,0.1,100,2.85,2026-10-01T12:13:44Z
5.86,48.6,18.3,0.1,100,2.87,2026-10-01T12:13:44Z
5.9,48.6,18.3,0.1,100,2.8,2026-10-01T12:13:44Z
5.94,48.6,17.6,0.0,100,3.16,2026-10-01T12:13:44Z
4.7,48.66,20.4,0.0,99,3.52,2026-10-01T12:13:44Z
4.76,48.66,20.5,0.0,100,3.61,2026-10-01T12:13:44Z
4.8,48.66,20.3,0.0,100,3.3,2026-10-01T12:13:44Z
4.86,48.66,20.0,0.0,100,3.7,2026-10-01T12:13:44Z
4.9,48.66,19.8,0.0,100,3.71,2026-10-01T12:13:44Z
4.94,48.66,20.1,0.0,100,3.21,2026-10-01T12:13:44Z
5.0,48.66,19.5,0.0,100,2.93,2026-10-01T12:13:44Z
5.06,48.66,18.7,0.0,100,2.9,2026-10-01T12:13:44Z
5.1,48.66,18.7,0.0,100,3.4,2026-10-01T12:13:44Z
5.16,48.66,18.6,0.0,100,3.31,2026-10-01T12:13:44Z
5.2,48.66,18.7,0.0,100,3.22,2026-10-01T12:13:44Z
5.26,48.66,17.9,0.0,100,3.04,2026-10-01T12:13:44Z
5.3,48.66,17.4,0.1,100,2.82,2026-10-01T12:13:44Z
5.36,48.66,18.1,0.2,100,2.52,2026-10-01T12:13:44Z
5.4,48.66,17.6,0.3,100,2.9,2026-10-01T12:13:44Z
5.44,48.66,17.7,0.3,100,2.91,2026-10-01T12:13:44Z
5.5,48.66,17.0,0.2,100,2.91,2026-10-01T12:13:44Z
5.56,48.66,17.6,0.2,100,2.93,2026-10-01T12:13:44Z
5.6,48.66,17.4,0.2,100,2.32,2026-10-01T12:13:44Z
5.66,48.66,17.0,0.2,100,2.43,2026-10-01T12:13:44Z
5.7,48.66,17.8,0.2,100,2.52,2026-10-01T12:13:44Z
5.76,48.66,17.5,0.1,100,2.43,2026-10-01T12:13:44Z
5.8,48.66,17.0,0.1,100,2.65,2026-10-01T12:13:44Z
5.86,48.66,18.3,0.1,100,2.73,2026-10-01T12:13:44Z
5.9,48.66,18.6,0.1,100,2.53,2026-10-01T12:13:44Z
5.94,48.66,17.8,0.1,100,2.6,2026-10-01T12:13:44Z
